Название,Категория
Болт-м8-01,Болт-М8
Болт-м8-02,Болт-М8
Болт-м8-03,Болт-М8
Болт-м8-04,Болт-М8
Болт-м8-05,Болт-М8
Болт-м8-06,Болт-М8
Болт-м8-07,Болт-М8
Болт-м8-08,Болт-М8
Болт-м8-09,Болт-М8
Болт-м8-10,Болт-М8
Болт-м8-11,Болт-М8
Болт-м8-12,Болт-М8
Болт-м8-13,Болт-М8
Болт-м8-14,Болт-М8
Болт-м8-15,Болт-М8
Болт-м8-16,Болт-М8
Болт-м8-17,Болт-М8
Болт-м8-18,Болт-М8
Болт-м8-19,Болт-М8
Болт-м8-20,Болт-М8
Болт-м8-21,Болт-М8
Болт-м8-22,Болт-М8
Болт-м8-23,Болт-М8
Болт-м8-24,Болт-М8
Болт-м8-25,Болт-М8
Болт-м8-26,Болт-М8
Болт-м8-27,Болт-М8
Болт-м8-28,Болт-М8
Болт-м8-29,Болт-М8
Болт-м8-30,Болт-М8
Болт-м8-31,Болт-М8
Болт-м8-32,Болт-М8
Болт-м8-33,Болт-М8
Болт-м8-34,Болт-М8
Болт-м8-35,Болт-М8
Болт-м8-36,Болт-М8
Болт-м8-37,Болт-М8
Болт-м8-38,Болт-М8
Болт-м8-39,Болт-М8
Болт-м8-40,Болт-М8
Болт-м8-41,Болт-М8
Болт-м8-42,Болт-М8
Болт-м8-43,Болт-М8
Болт-м8-44,Болт-М8
Болт-м8-45,Болт-М8
Болт-м8-46,Болт-М8
Болт-м8-47,Болт-М8
Болт-м8-48,Болт-М8
Болт-м8-49,Болт-М8
Болт-м8-50,Болт-М8
Болт-м8-51,Болт-М8
Болт-м8-52,Болт-М8
Болт-м8-53,Болт-М8
Болт-м8-54,Болт-М8
Болт-м8-55,Болт-М8
Болт-м8-56,Болт-М8
Болт-м8-57,Болт-М8
Болт-м8-58,Болт-М8
Болт-м8-59,Болт-М8
Болт-м8-60,Болт-М8
Болт-м8-61,Болт-М8
Болт-м8-62,Болт-М8
Болт-м8-63,Болт-М8
Болт-м8-64,Болт-М8
Болт-м8-65,Болт-М8
Болт-м8-66,Болт-М8
Болт-м8-67,Болт-М8
Болт-м8-68,Болт-М8
Болт-м8-69,Болт-М8
Болт-м8-70,Болт-М8
Болт-м8-71,Болт-М8
Болт-м8-72,Болт-М8
Болт-м8-73,Болт-М8
Болт-м8-74,Болт-М8
Болт-м8-75,Болт-М8
Болт-м8-76,Болт-М8
Болт-м8-77,Болт-М8
Болт-м8-78,Болт-М8
Болт-м8-79,Болт-М8
Болт-м8-80,Болт-М8
Болт-м8-81,Болт-М8
Болт-м8-82,Болт-М8
Болт-м8-83,Болт-М8
Болт-м8-84,Болт-М8
Болт-м8-85,Болт-М8
Болт-м8-86,Болт-М8
Болт-м8-87,Болт-М8
Болт-м8-88,Болт-М8
Болт-м8-89,Болт-М8
Болт-м8-90,Болт-М8
Болт-м8-91,Болт-М8
Болт-м8-92,Болт-М8
Болт-м8-93,Болт-М8
Болт-м8-94,Болт-М8
Болт-м8-95,Болт-М8
Болт-м8-96,Болт-М8
Болт-м8-97,Болт-М8
Болт-м8-98,Болт-М8
Болт-м8-99,Болт-М8
Болт-м8-100,Болт-М8
Болт-м8-101,Болт-М8
Шайба-м8-к1,Шайба-м8
Шайба-м8-к2,Шайба-м8
Шайба-м8-к3,Шайба-м8
Шайба-м8-к4,Шайба-м8
Шайба-м8-к5,Шайба-м8
Шайба-м8-к6,Шайба-м8
Шайба-м8-к7,Шайба-м8
Шайба-м8-к8,Шайба-м8
Шайба-м8-к9,Шайба-м8
Шайба-м8-к10,Шайба-м8
Шайба-м8-к11,Шайба-м8
Шайба-м8-к12,Шайба-м8
Шайба-м8-к13,Шайба-м8
Шайба-м8-к14,Шайба-м8
Шайба-м8-к15,Шайба-м8
Шайба-м8-к16,Шайба-м8
Шайба-м8-к17,Шайба-м8
Шайба-м8-к18,Шайба-м8
Шайба-м8-к19,Шайба-м8
Шайба-м8-к20,Шайба-м8
Шайба-м8-к21,Шайба-м8
Шайба-м8-к22,Шайба-м8
Шайба-м8-к23,Шайба-м8
Шайба-м8-к24,Шайба-м8
Шайба-м8-к25,Шайба-м8
Шайба-м8-к26,Шайба-м8
Шайба-м8-к27,Шайба-м8
Шайба-м8-к28,Шайба-м8
Шайба-м8-к29,Шайба-м8
Шайба-м8-к30,Шайба-м8
Шайба-м8-к31,Шайба-м8
Шайба-м8-к32,Шайба-м8
Шайба-м8-к33,Шайба-м8
Шайба-м8-к34,Шайба-м8
Шайба-м8-к35,Шайба-м8
Шайба-м8-к36,Шайба-м8
Шайба-м8-к37,Шайба-м8
Шайба-м8-к38,Шайба-м8
Шайба-м8-к39,Шайба-м8
Шайба-м8-к40,Шайба-м8
Шайба-м8-к41,Шайба-м8
Шайба-м8-к42,Шайба-м8
Шайба-м8-к43,Шайба-м8
Шайба-м8-к44,Шайба-м8
Шайба-м8-к45,Шайба-м8
Шайба-м8-к46,Шайба-м8
Шайба-м8-к47,Шайба-м8
Шайба-м8-к48,Шайба-м8
Шайба-м8-к49,Шайба-м8
Шайба-м8-к50,Шайба-м8
Шайба-м8-к51,Шайба-м8
Шайба-м8-к52,Шайба-м8
Шайба-м8-к53,Шайба-м8
Шайба-м8-к54,Шайба-м8
Шайба-м8-к55,Шайба-м8
Шайба-м8-к56,Шайба-м8
Шайба-м8-к57,Шайба-м8
Шайба-м8-к58,Шайба-м8
Шайба-м8-к59,Шайба-м8
Шайба-м8-к60,Шайба-м8
Шайба-м8-к61,Шайба-м8
Шайба-м8-к62,Шайба-м8
Шайба-м8-к63,Шайба-м8
Шайба-м8-к64,Шайба-м8
Шайба-м8-к65,Шайба-м8
Шайба-м8-к66,Шайба-м8
Шайба-м8-к67,Шайба-м8
Шайба-м8-к68,Шайба-м8
Шайба-м8-к69,Шайба-м8
Шайба-м8-к70,Шайба-м8
Шайба-м8-к71,Шайба-м8
Шайба-м8-к72,Шайба-м8
Шайба-м8-к73,Шайба-м8
Шайба-м8-к74,Шайба-м8
Шайба-м8-к75,Шайба-м8
Шайба-м8-к76,Шайба-м8
Шайба-м8-к77,Шайба-м8
Шайба-м8-к78,Шайба-м8
Шайба-м8-к79,Шайба-м8
Шайба-м8-к80,Шайба-м8
Шайба-м8-к81,Шайба-м8
Шайба-м8-к82,Шайба-м8
Шайба-м8-к83,Шайба-м8
Шайба-м8-к84,Шайба-м8
Шайба-м8-к85,Шайба-м8
Шайба-м8-к86,Шайба-м8
Шайба-м8-к87,Шайба-м8
Шайба-м8-к88,Шайба-м8
Шайба-м8-к89,Шайба-м8
Шайба-м8-к90,Шайба-м8
Шайба-м8-к91,Шайба-м8
Шайба-м8-к92,Шайба-м8
Шайба-м8-к93,Шайба-м8
Шайба-м8-к94,Шайба-м8
Шайба-м8-к95,Шайба-м8
Шайба-м8-к96,Шайба-м8
Шайба-м8-к97,Шайба-м8
Шайба-м8-к98,Шайба-м8
Шайба-м8-к99,Шайба-м8
Шайба-м8-к100,Шайба-м8
Шайба-м8-к101,Шайба-м8
Гайка-м8-ф1,Гайка-м8
Гайка-м8-ф2,Гайка-м8
Гайка-м8-ф3,Гайка-м8
Гайка-м8-ф4,Гайка-м8
Гайка-м8-ф5,Гайка-м8
Гайка-м8-ф6,Гайка-м8
Гайка-м8-ф7,Гайка-м8
Гайка-м8-ф8,Гайка-м8
Гайка-м8-ф9,Гайка-м8
Гайка-м8-ф10,Гайка-м8
Гайка-м8-ф11,Гайка-м8
Гайка-м8-ф12,Гайка-м8
Гайка-м8-ф13,Гайка-м8
Гайка-м8-ф14,Гайка-м8
Гайка-м8-ф15,Гайка-м8
Гайка-м8-ф16,Гайка-м8
Гайка-м8-ф17,Гайка-м8
Гайка-м8-ф18,Гайка-м8
Гайка-м8-ф19,Гайка-м8
Гайка-м8-ф20,Гайка-м8
Гайка-м8-ф21,Гайка-м8
Гайка-м8-ф22,Гайка-м8
Гайка-м8-ф23,Гайка-м8
Гайка-м8-ф24,Гайка-м8
Гайка-м8-ф25,Гайка-м8
Гайка-м8-ф26,Гайка-м8
Гайка-м8-ф27,Гайка-м8
Гайка-м8-ф28,Гайка-м8
Гайка-м8-ф29,Гайка-м8
Гайка-м8-ф30,Гайка-м8
Гайка-м8-ф31,Гайка-м8
Гайка-м8-ф32,Гайка-м8
Гайка-м8-ф33,Гайка-м8
Гайка-м8-ф34,Гайка-м8
Гайка-м8-ф35,Гайка-м8
Гайка-м8-ф36,Гайка-м8
Гайка-м8-ф37,Гайка-м8
Гайка-м8-ф38,Гайка-м8
Гайка-м8-ф39,Гайка-м8
Гайка-м8-ф40,Гайка-м8
Гайка-м8-ф41,Гайка-м8
Гайка-м8-ф42,Гайка-м8
Гайка-м8-ф43,Гайка-м8
Гайка-м8-ф44,Гайка-м8
Гайка-м8-ф45,Гайка-м8
Гайка-м8-ф46,Гайка-м8
Гайка-м8-ф47,Гайка-м8
Гайка-м8-ф48,Гайка-м8
Гайка-м8-ф49,Гайка-м8
Гайка-м8-ф50,Гайка-м8
Гайка-м8-ф51,Гайка-м8
Гайка-м8-ф52,Гайка-м8
Гайка-м8-ф53,Гайка-м8
Гайка-м8-ф54,Гайка-м8
Гайка-м8-ф55,Гайка-м8
Гайка-м8-ф56,Гайка-м8
Гайка-м8-ф57,Гайка-м8
Гайка-м8-ф58,Гайка-м8
Гайка-м8-ф59,Гайка-м8
Гайка-м8-ф60,Гайка-м8
Гайка-м8-ф61,Гайка-м8
Гайка-м8-ф62,Гайка-м8
Гайка-м8-ф63,Гайка-м8
Гайка-м8-ф64,Гайка-м8
Гайка-м8-ф65,Гайка-м8
Гайка-м8-ф66,Гайка-м8
Гайка-м8-ф67,Гайка-м8
Гайка-м8-ф68,Гайка-м8
Гайка-м8-ф69,Гайка-м8
Гайка-м8-ф70,Гайка-м8
Гайка-м8-ф71,Гайка-м8
Гайка-м8-ф72,Гайка-м8
Гайка-м8-ф73,Гайка-м8
Гайка-м8-ф74,Гайка-м8
Гайка-м8-ф75,Гайка-м8
Гайка-м8-ф76,Гайка-м8
Гайка-м8-ф77,Гайка-м8
Гайка-м8-ф78,Гайка-м8
Гайка-м8-ф79,Гайка-м8
Гайка-м8-ф80,Гайка-м8
Гайка-м8-ф81,Гайка-м8
Гайка-м8-ф82,Гайка-м8
Гайка-м8-ф83,Гайка-м8
Гайка-м8-ф84,Гайка-м8
Гайка-м8-ф85,Гайка-м8
Гайка-м8-ф86,Гайка-м8
Гайка-м8-ф87,Гайка-м8
Гайка-м8-ф88,Гайка-м8
Гайка-м8-ф89,Гайка-м8
Гайка-м8-ф90,Гайка-м8
Гайка-м8-ф91,Гайка-м8
Гайка-м8-ф92,Гайка-м8
Гайка-м8-ф93,Гайка-м8
Гайка-м8-ф94,Гайка-м8
Гайка-м8-ф95,Гайка-м8
Гайка-м8-ф96,Гайка-м8
Гайка-м8-ф97,Гайка-м8
Гайка-м8-ф98,Гайка-м8
Гайка-м8-ф99,Гайка-м8
Гайка-м8-ф100,Гайка-м8
Гайка-м8-ф101,Гайка-м8
